Time	Score	Hips	Spine		Neck		LeftUpperArm	LeftLowerArm	LeftHand				RightUpperArm	RightLowerArm	RightHand				LeftUpperLeg	LeftLowerLeg	LeftFoot		RightUpperLeg	RightLowerLeg	RightFoot		LeftShoulder	RightShoulder	Upper Lip Raiser	Jaw Lowerer	Lip Stretcher L	Lip Stretcher R	Brow Lowerer L	Brow Lowerer R	Lip Corner Depressor L	Lip Corner Depressor R	Eyelid Closed L	Eyelid Closed R	
16:40:44 11/17/2018    	00:00:00.0309090	20	(0.0, 1.0, 0.0)	(0.0, 1.1, 0.0)		(0.0, 1.5, 0.0)		(-0.2, 1.4, -0.1)	(-0.5, 1.4, -0.1)	(-0.7, 1.4, -0.1)				(0.2, 1.4, -0.1)	(0.5, 1.4, -0.1)	(0.7, 1.4, -0.1)				(-0.1, 0.9, 0.0)	(-0.1, 0.5, 0.0)	(-0.1, 0.1, 0.0)		(0.1, 0.9, 0.0)	(0.1, 0.5, 0.0)	(0.1, 0.1, 0.0)		(-0.1, 1.4, 0.0)	(0.1, 1.4, 0.0)	        \
16:40:44 11/17/2018    	00:00:00.0634840	41	(0.0, 1.0, 0.0)	(0.0, 1.1, 0.0)		(0.0, 1.5, 0.0)		(-0.2, 1.4, -0.1)	(-0.5, 1.4, -0.1)	(-0.7, 1.4, -0.1)				(0.2, 1.4, -0.1)	(0.5, 1.4, -0.1)	(0.7, 1.4, -0.1)				(-0.1, 0.9, 0.0)	(-0.1, 0.5, 0.0)	(-0.1, 0.1, 0.0)		(0.1, 0.9, 0.0)	(0.1, 0.5, 0.0)	(0.1, 0.1, 0.0)		(-0.1, 1.4, 0.0)	(0.1, 1.4, 0.0)	        \
16:40:44 11/17/2018    	00:00:00.0966900	61	(0.0, 1.0, 0.0)	(0.0, 1.1, 0.0)		(0.0, 1.5, 0.0)		(-0.2, 1.4, -0.1)	(-0.5, 1.4, -0.1)	(-0.7, 1.4, -0.1)				(0.2, 1.4, -0.1)	(0.5, 1.4, -0.1)	(0.7, 1.4, -0.1)				(-0.1, 0.9, 0.0)	(-0.1, 0.5, 0.0)	(-0.1, 0.1, 0.0)		(0.1, 0.9, 0.0)	(0.1, 0.5, 0.0)	(0.1, 0.1, 0.0)		(-0.1, 1.4, 0.0)	(0.1, 1.4, 0.0)	        \
16:40:44 11/17/2018    	00:00:00.1303180	83	(0.0, 1.0, 0.0)	(0.0, 1.1, 0.0)		(0.0, 1.5, 0.0)		(-0.2, 1.4, -0.1)	(-0.5, 1.4, -0.1)	(-0.7, 1.4, -0.1)				(0.2, 1.4, -0.1)	(0.5, 1.4, -0.1)	(0.7, 1.4, -0.1)				(-0.1, 0.9, 0.0)	(-0.1, 0.5, 0.0)	(-0.1, 0.1, 0.0)		(0.1, 0.9, 0.0)	(0.1, 0.5, 0.0)	(0.1, 0.1, 0.0)		(-0.1, 1.4, 0.0)	(0.1, 1.4, 0.0)	        \
16:40:44 11/17/2018    	00:00:00.1634360	103	(0.0, 1.0, 0.0)	(0.0, 1.1, 0.0)		(0.0, 1.5, 0.0)		(-0.2, 1.4, -0.1)	(-0.5, 1.4, -0.1)	(-0.7, 1.4, -0.1)				(0.2, 1.4, -0.1)	(0.5, 1.4, -0.1)	(0.7, 1.4, -0.1)				(-0.1, 0.9, 0.0)	(-0.1, 0.5, 0.0)	(-0.1, 0.1, 0.0)		(0.1, 0.9, 0.0)	(0.1, 0.5, 0.0)	(0.1, 0.1, 0.0)		(-0.1, 1.4, 0.0)	(0.1, 1.4, 0.0)	        \
16:40:44 11/17/2018    	00:00:00.1956300	124	(0.0, 1.0, 0.0)	(0.0, 1.1, 0.0)		(0.0, 1.5, 0.0)		(-0.2, 1.4, -0.1)	(-0.5, 1.4, -0.1)	(-0.7, 1.4, -0.1)				(0.2, 1.4, -0.1)	(0.5, 1.4, -0.1)	(0.7, 1.4, -0.1)				(-0.1, 0.9, 0.0)	(-0.1, 0.5, 0.0)	(-0.1, 0.1, 0.0)		(0.1, 0.9, 0.0)	(0.1, 0.5, 0.0)	(0.1, 0.1, 0.0)		(-0.1, 1.4, 0.0)	(0.1, 1.4, 0.0)	        \
16:40:44 11/17/2018    	00:00:00.2296770	145	(0.0, 1.0, 0.0)	(0.0, 1.1, 0.0)		(0.0, 1.5, 0.0)		(-0.2, 1.4, -0.1)	(-0.5, 1.4, -0.1)	(-0.7, 1.4, -0.1)				(0.2, 1.4, -0.1)	(0.5, 1.4, -0.1)	(0.7, 1.4, -0.1)				(-0.1, 0.9, 0.0)	(-0.1, 0.5, 0.0)	(-0.1, 0.1, 0.0)		(0.1, 0.9, 0.0)	(0.1, 0.5, 0.0)	(0.1, 0.1, 0.0)		(-0.1, 1.4, 0.0)	(0.1, 1.4, 0.0)	        \
16:40:44 11/17/2018    	00:00:00.2628520	166	(0.0, 1.0, 0.0)	(0.0, 1.1, 0.0)		(0.0, 1.5, 0.0)		(-0.2, 1.4, -0.1)	(-0.5, 1.4, -0.1)	(-0.7, 1.4, -0.1)				(0.2, 1.4, -0.1)	(0.5, 1.4, -0.1)	(0.7, 1.4, -0.1)				(-0.1, 0.9, 0.0)	(-0.1, 0.5, 0.0)	(-0.1, 0.1, 0.0)		(0.1, 0.9, 0.0)	(0.1, 0.5, 0.0)	(0.1, 0.1, 0.0)		(-0.1, 1.4, 0.0)	(0.1, 1.4, 0.0)	        \
16:40:44 11/17/2018    	00:00:00.2957260	187	(0.0, 1.0, 0.0)	(0.0, 1.1, 0.0)		(0.0, 1.5, 0.0)		(-0.2, 1.4, -0.1)	(-0.5, 1.4, -0.1)	(-0.7, 1.4, -0.1)				(0.2, 1.4, -0.1)	(0.5, 1.4, -0.1)	(0.7, 1.4, -0.1)				(-0.1, 0.9, 0.0)	(-0.1, 0.5, 0.0)	(-0.1, 0.1, 0.0)		(0.1, 0.9, 0.0)	(0.1, 0.5, 0.0)	(0.1, 0.1, 0.0)		(-0.1, 1.4, 0.0)	(0.1, 1.4, 0.0)	        \
16:40:44 11/17/2018    	00:00:00.3290850	207	(0.0, 1.0, 0.0)	(0.0, 1.1, 0.0)		(0.0, 1.5, 0.0)		(-0.2, 1.4, -0.1)	(-0.5, 1.4, -0.1)	(-0.7, 1.4, -0.1)				(0.2, 1.4, -0.1)	(0.5, 1.4, -0.1)	(0.7, 1.4, -0.1)				(-0.1, 0.9, 0.0)	(-0.1, 0.5, 0.0)	(-0.1, 0.1, 0.0)		(0.1, 0.9, 0.0)	(0.1, 0.5, 0.0)	(0.1, 0.1, 0.0)		(-0.1, 1.4, 0.0)	(0.1, 1.4, 0.0)	        \
16:40:44 11/17/2018    	00:00:00.3621340	229	(0.0, 1.0, 0.0)	(0.0, 1.1, 0.0)		(0.0, 1.5, 0.0)		(-0.2, 1.4, -0.1)	(-0.5, 1.4, -0.1)	(-0.7, 1.4, -0.1)				(0.2, 1.4, -0.1)	(0.5, 1.4, -0.1)	(0.7, 1.4, -0.1)				(-0.1, 0.9, 0.0)	(-0.1, 0.5, 0.0)	(-0.1, 0.1, 0.0)		(0.1, 0.9, 0.0)	(0.1, 0.5, 0.0)	(0.1, 0.1, 0.0)		(-0.1, 1.4, 0.0)	(0.1, 1.4, 0.0)	        \
16:40:44 11/17/2018    	00:00:00.3947140	249	(0.0, 1.0, 0.0)	(0.0, 1.1, 0.0)		(0.0, 1.5, 0.0)		(-0.2, 1.4, -0.1)	(-0.5, 1.4, -0.1)	(-0.7, 1.4, -0.1)				(0.2, 1.4, -0.1)	(0.5, 1.4, -0.1)	(0.7, 1.4, -0.1)				(-0.1, 0.9, 0.0)	(-0.1, 0.5, 0.0)	(-0.1, 0.1, 0.0)		(0.1, 0.9, 0.0)	(0.1, 0.5, 0.0)	(0.1, 0.1, 0.0)		(-0.1, 1.4, 0.0)	(0.1, 1.4, 0.0)	        \
16:40:44 11/17/2018    	00:00:00.4276520	270	(0.0, 1.0, 0.0)	(0.0, 1.1, 0.0)		(0.0, 1.5, 0.0)		(-0.2, 1.4, -0.1)	(-0.5, 1.4, -0.1)	(-0.7, 1.4, -0.1)				(0.2, 1.4, -0.1)	(0.5, 1.4, -0.1)	(0.7, 1.4, -0.1)				(-0.1, 0.9, 0.0)	(-0.1, 0.5, 0.0)	(-0.1, 0.1, 0.0)		(0.1, 0.9, 0.0)	(0.1, 0.5, 0.0)	(0.1, 0.1, 0.0)		(-0.1, 1.4, 0.0)	(0.1, 1.4, 0.0)	        \
16:40:44 11/17/2018    	00:00:00.4614050	291	(0.0, 1.0, 0.0)	(0.0, 1.1, 0.0)		(0.0, 1.5, 0.0)		(-0.2, 1.4, -0.1)	(-0.5, 1.4, -0.1)	(-0.7, 1.4, -0.1)				(0.2, 1.4, -0.1)	(0.5, 1.4, -0.1)	(0.7, 1.4, -0.1)				(-0.1, 0.9, 0.0)	(-0.1, 0.5, 0.0)	(-0.1, 0.1, 0.0)		(0.1, 0.9, 0.0)	(0.1, 0.5, 0.0)	(0.1, 0.1, 0.0)		(-0.1, 1.4, 0.0)	(0.1, 1.4, 0.0)	        \
16:40:44 11/17/2018    	00:00:00.4947680	311	(0.0, 1.0, 0.0)	(0.0, 1.1, 0.0)		(0.0, 1.5, 0.0)		(-0.2, 1.4, -0.1)	(-0.5, 1.4, -0.1)	(-0.7, 1.4, -0.1)				(0.2, 1.4, -0.1)	(0.5, 1.4, -0.1)	(0.7, 1.4, -0.1)				(-0.1, 0.9, 0.0)	(-0.1, 0.5, 0.0)	(-0.1, 0.1, 0.0)		(0.1, 0.9, 0.0)	(0.1, 0.5, 0.0)	(0.1, 0.1, 0.0)		(-0.1, 1.4, 0.0)	(0.1, 1.4, 0.0)	        \
16:40:44 11/17/2018    	00:00:00.5269950	332	(0.0, 1.0, 0.0)	(0.0, 1.1, 0.0)		(0.0, 1.5, 0.0)		(-0.2, 1.4, -0.1)	(-0.5, 1.4, -0.1)	(-0.7, 1.4, -0.1)				(0.2, 1.4, -0.1)	(0.5, 1.4, -0.1)	(0.7, 1.4, -0.1)				(-0.1, 0.9, 0.0)	(-0.1, 0.5, 0.0)	(-0.1, 0.1, 0.0)		(0.1, 0.9, 0.0)	(0.1, 0.5, 0.0)	(0.1, 0.1, 0.0)		(-0.1, 1.4, 0.0)	(0.1, 1.4, 0.0)	        \
16:40:45 11/17/2018    	00:00:00.5610480	353	(0.0, 1.0, 0.0)	(0.0, 1.1, 0.0)		(0.0, 1.5, 0.0)		(-0.2, 1.4, -0.1)	(-0.5, 1.4, -0.1)	(-0.7, 1.4, -0.1)				(0.2, 1.4, -0.1)	(0.5, 1.4, -0.1)	(0.7, 1.4, -0.1)				(-0.1, 0.9, 0.0)	(-0.1, 0.5, 0.0)	(-0.1, 0.1, 0.0)		(0.1, 0.9, 0.0)	(0.1, 0.5, 0.0)	(0.1, 0.1, 0.0)		(-0.1, 1.4, 0.0)	(0.1, 1.4, 0.0)	        \
16:40:45 11/17/2018    	00:00:00.5941650	374	(0.0, 1.0, 0.0)	(0.0, 1.1, 0.0)		(0.0, 1.5, 0.0)		(-0.2, 1.4, -0.1)	(-0.5, 1.4, -0.1)	(-0.7, 1.4, -0.1)				(0.2, 1.4, -0.1)	(0.5, 1.4, -0.1)	(0.7, 1.4, -0.1)				(-0.1, 0.9, 0.0)	(-0.1, 0.5, 0.0)	(-0.1, 0.1, 0.0)		(0.1, 0.9, 0.0)	(0.1, 0.5, 0.0)	(0.1, 0.1, 0.0)		(-0.1, 1.4, 0.0)	(0.1, 1.4, 0.0)	        \
16:40:45 11/17/2018    	00:00:00.6264220	395	(0.0, 1.0, 0.0)	(0.0, 1.1, 0.0)		(0.0, 1.5, 0.0)		(-0.2, 1.4, -0.1)	(-0.5, 1.4, -0.1)	(-0.7, 1.4, -0.1)				(0.2, 1.4, -0.1)	(0.5, 1.4, -0.1)	(0.7, 1.4, -0.1)				(-0.1, 0.9, 0.0)	(-0.1, 0.5, 0.0)	(-0.1, 0.1, 0.0)		(0.1, 0.9, 0.0)	(0.1, 0.5, 0.0)	(0.1, 0.1, 0.0)		(-0.1, 1.4, 0.0)	(0.1, 1.4, 0.0)	        \
16:40:45 11/17/2018    	00:00:00.6604260	415	(0.0, 1.0, 0.0)	(0.0, 1.1, 0.0)		(0.0, 1.5, 0.0)		(-0.2, 1.4, -0.1)	(-0.5, 1.4, -0.1)	(-0.7, 1.4, -0.1)				(0.2, 1.4, -0.1)	(0.5, 1.4, -0.1)	(0.7, 1.4, -0.1)				(-0.1, 0.9, 0.0)	(-0.1, 0.5, 0.0)	(-0.1, 0.1, 0.0)		(0.1, 0.9, 0.0)	(0.1, 0.5, 0.0)	(0.1, 0.1, 0.0)		(-0.1, 1.4, 0.0)	(0.1, 1.4, 0.0)	        \
16:40:45 11/17/2018    	00:00:00.6925720	437	(0.0, 1.0, 0.0)	(0.0, 1.1, 0.0)		(0.0, 1.5, 0.0)		(-0.2, 1.4, -0.1)	(-0.5, 1.4, -0.1)	(-0.7, 1.4, -0.1)				(0.2, 1.4, -0.1)	(0.5, 1.4, -0.1)	(0.7, 1.4, -0.1)				(-0.1, 0.9, 0.0)	(-0.1, 0.5, 0.0)	(-0.1, 0.1, 0.0)		(0.1, 0.9, 0.0)	(0.1, 0.5, 0.0)	(0.1, 0.1, 0.0)		(-0.1, 1.4, 0.0)	(0.1, 1.4, 0.0)	        \
16:40:45 11/17/2018    	00:00:00.7266800	457	(0.0, 1.0, 0.0)	(0.0, 1.1, 0.0)		(0.0, 1.5, 0.0)		(-0.2, 1.4, -0.1)	(-0.5, 1.4, -0.1)	(-0.7, 1.4, -0.1)				(0.2, 1.4, -0.1)	(0.5, 1.4, -0.1)	(0.7, 1.4, -0.1)				(-0.1, 0.9, 0.0)	(-0.1, 0.5, 0.0)	(-0.1, 0.1, 0.0)		(0.1, 0.9, 0.0)	(0.1, 0.5, 0.0)	(0.1, 0.1, 0.0)		(-0.1, 1.4, 0.0)	(0.1, 1.4, 0.0)	        \
16:40:45 11/17/2018    	00:00:00.7596660	478	(0.0, 1.0, 0.0)	(0.0, 1.1, 0.0)		(0.0, 1.5, 0.0)		(-0.2, 1.4, -0.1)	(-0.5, 1.4, -0.1)	(-0.7, 1.4, -0.1)				(0.2, 1.4, -0.1)	(0.5, 1.4, -0.1)	(0.7, 1.4, -0.1)				(-0.1, 0.9, 0.0)	(-0.1, 0.5, 0.0)	(-0.1, 0.1, 0.0)		(0.1, 0.9, 0.0)	(0.1, 0.5, 0.0)	(0.1, 0.1, 0.0)		(-0.1, 1.4, 0.0)	(0.1, 1.4, 0.0)	        \
16:40:45 11/17/2018    	00:00:00.7929120	499	(0.0, 1.0, 0.0)	(0.0, 1.1, 0.0)		(0.0, 1.5, 0.0)		(-0.2, 1.4, -0.1)	(-0.5, 1.4, -0.1)	(-0.7, 1.4, -0.1)				(0.2, 1.4, -0.1)	(0.5, 1.4, -0.1)	(0.7, 1.4, -0.1)				(-0.1, 0.9, 0.0)	(-0.1, 0.5, 0.0)	(-0.1, 0.1, 0.0)		(0.1, 0.9, 0.0)	(0.1, 0.5, 0.0)	(0.1, 0.1, 0.0)		(-0.1, 1.4, 0.0)	(0.1, 1.4, 0.0)	        \
16:40:45 11/17/2018    	00:00:00.8249940	520	(0.0, 1.0, 0.0)	(0.0, 1.1, 0.0)		(0.0, 1.5, 0.0)		(-0.2, 1.4, -0.1)	(-0.5, 1.4, -0.1)	(-0.7, 1.4, -0.1)				(0.2, 1.4, -0.1)	(0.5, 1.4, -0.1)	(0.7, 1.4, -0.1)				(-0.1, 0.9, 0.0)	(-0.1, 0.5, 0.0)	(-0.1, 0.1, 0.0)		(0.1, 0.9, 0.0)	(0.1, 0.5, 0.0)	(0.1, 0.1, 0.0)		(-0.1, 1.4, 0.0)	(0.1, 1.4, 0.0)	        \
16:40:45 11/17/2018    	00:00:00.8589930	541	(0.0, 1.0, 0.0)	(0.0, 1.1, 0.0)		(0.0, 1.5, 0.0)		(-0.2, 1.4, -0.1)	(-0.5, 1.4, -0.1)	(-0.7, 1.4, -0.1)				(0.2, 1.4, -0.1)	(0.5, 1.4, -0.1)	(0.7, 1.4, -0.1)				(-0.1, 0.9, 0.0)	(-0.1, 0.5, 0.0)	(-0.1, 0.1, 0.0)		(0.1, 0.9, 0.0)	(0.1, 0.5, 0.0)	(0.1, 0.1, 0.0)		(-0.1, 1.4, 0.0)	(0.1, 1.4, 0.0)	        \
16:40:45 11/17/2018    	00:00:00.8916430	561	(0.0, 1.0, 0.0)	(0.0, 1.1, 0.0)		(0.0, 1.5, 0.0)		(-0.2, 1.4, -0.1)	(-0.5, 1.4, -0.1)	(-0.7, 1.4, -0.1)				(0.2, 1.4, -0.1)	(0.5, 1.4, -0.1)	(0.7, 1.4, -0.1)				(-0.1, 0.9, 0.0)	(-0.1, 0.5, 0.0)	(-0.1, 0.1, 0.0)		(0.1, 0.9, 0.0)	(0.1, 0.5, 0.0)	(0.1, 0.1, 0.0)		(-0.1, 1.4, 0.0)	(0.1, 1.4, 0.0)	        \
16:40:45 11/17/2018    	00:00:00.9255260	582	(0.0, 1.0, 0.0)	(0.0, 1.1, 0.0)		(0.0, 1.5, 0.0)		(-0.2, 1.4, -0.1)	(-0.5, 1.4, -0.1)	(-0.7, 1.4, -0.1)				(0.2, 1.4, -0.1)	(0.5, 1.4, -0.1)	(0.7, 1.4, -0.1)				(-0.1, 0.9, 0.0)	(-0.1, 0.5, 0.0)	(-0.1, 0.1, 0.0)		(0.1, 0.9, 0.0)	(0.1, 0.5, 0.0)	(0.1, 0.1, 0.0)		(-0.1, 1.4, 0.0)	(0.1, 1.4, 0.0)	        \
16:40:45 11/17/2018    	00:00:00.9576020	603	(0.0, 1.0, 0.0)	(0.0, 1.1, 0.0)		(0.0, 1.5, 0.0)		(-0.2, 1.4, -0.1)	(-0.5, 1.4, -0.1)	(-0.7, 1.4, -0.1)				(0.2, 1.4, -0.1)	(0.5, 1.4, -0.1)	(0.7, 1.4, -0.1)				(-0.1, 0.9, 0.0)	(-0.1, 0.5, 0.0)	(-0.1, 0.1, 0.0)		(0.1, 0.9, 0.0)	(0.1, 0.5, 0.0)	(0.1, 0.1, 0.0)		(-0.1, 1.4, 0.0)	(0.1, 1.4, 0.0)	        \
16:40:45 11/17/2018    	00:00:00.9917130	624	(0.0, 1.0, 0.0)	(0.0, 1.1, 0.0)		(0.0, 1.5, 0.0)		(-0.2, 1.4, -0.1)	(-0.5, 1.4, -0.1)	(-0.7, 1.4, -0.1)				(0.2, 1.4, -0.1)	(0.5, 1.4, -0.1)	(0.7, 1.4, -0.1)				(-0.1, 0.9, 0.0)	(-0.1, 0.5, 0.0)	(-0.1, 0.1, 0.0)		(0.1, 0.9, 0.0)	(0.1, 0.5, 0.0)	(0.1, 0.1, 0.0)		(-0.1, 1.4, 0.0)	(0.1, 1.4, 0.0)	        \
16:40:45 11/17/2018    	00:00:01.0249110	645	(0.0, 1.0, 0.0)	(0.0, 1.1, 0.0)		(0.0, 1.5, 0.0)		(-0.2, 1.4, -0.1)	(-0.5, 1.4, -0.1)	(-0.7, 1.4, -0.1)				(0.2, 1.4, -0.1)	(0.5, 1.4, -0.1)	(0.7, 1.4, -0.1)				(-0.1, 0.9, 0.0)	(-0.1, 0.5, 0.0)	(-0.1, 0.1, 0.0)		(0.1, 0.9, 0.0)	(0.1, 0.5, 0.0)	(0.1, 0.1, 0.0)		(-0.1, 1.4, 0.0)	(0.1, 1.4, 0.0)	        \
16:40:45 11/17/2018    	00:00:01.0572810	665	(0.0, 1.0, 0.0)	(0.0, 1.1, 0.0)		(0.0, 1.5, 0.0)		(-0.2, 1.4, -0.1)	(-0.5, 1.4, -0.1)	(-0.7, 1.4, -0.1)				(0.2, 1.4, -0.1)	(0.5, 1.4, -0.1)	(0.7, 1.4, -0.1)				(-0.1, 0.9, 0.0)	(-0.1, 0.5, 0.0)	(-0.1, 0.1, 0.0)		(0.1, 0.9, 0.0)	(0.1, 0.5, 0.0)	(0.1, 0.1, 0.0)		(-0.1, 1.4, 0.0)	(0.1, 1.4, 0.0)	        \
16:40:45 11/17/2018    	00:00:01.0911480	686	(0.0, 1.0, 0.0)	(0.0, 1.1, 0.0)		(0.0, 1.5, 0.0)		(-0.2, 1.4, -0.1)	(-0.5, 1.4, -0.1)	(-0.7, 1.4, -0.1)				(0.2, 1.4, -0.1)	(0.5, 1.4, -0.1)	(0.7, 1.4, -0.1)				(-0.1, 0.9, 0.0)	(-0.1, 0.5, 0.0)	(-0.1, 0.1, 0.0)		(0.1, 0.9, 0.0)	(0.1, 0.5, 0.0)	(0.1, 0.1, 0.0)		(-0.1, 1.4, 0.0)	(0.1, 1.4, 0.0)	        \
16:40:45 11/17/2018    	00:00:01.1242260	707	(0.0, 1.0, 0.0)	(0.0, 1.1, 0.0)		(0.0, 1.5, 0.0)		(-0.2, 1.4, -0.1)	(-0.5, 1.4, -0.1)	(-0.7, 1.4, -0.1)				(0.2, 1.4, -0.1)	(0.5, 1.4, -0.1)	(0.7, 1.4, -0.1)				(-0.1, 0.9, 0.0)	(-0.1, 0.5, 0.0)	(-0.1, 0.1, 0.0)		(0.1, 0.9, 0.0)	(0.1, 0.5, 0.0)	(0.1, 0.1, 0.0)		(-0.1, 1.4, 0.0)	(0.1, 1.4, 0.0)	        \
16:40:45 11/17/2018    	00:00:01.1574660	728	(0.0, 1.0, 0.0)	(0.0, 1.1, 0.0)		(0.0, 1.5, 0.0)		(-0.2, 1.4, -0.1)	(-0.5, 1.4, -0.1)	(-0.7, 1.4, -0.1)				(0.2, 1.4, -0.1)	(0.5, 1.4, -0.1)	(0.7, 1.4, -0.1)				(-0.1, 0.9, 0.0)	(-0.1, 0.5, 0.0)	(-0.1, 0.1, 0.0)		(0.1, 0.9, 0.0)	(0.1, 0.5, 0.0)	(0.1, 0.1, 0.0)		(-0.1, 1.4, 0.0)	(0.1, 1.4, 0.0)	        \
16:40:45 11/17/2018    	00:00:01.1904110	748	(0.0, 1.0, 0.0)	(0.0, 1.1, 0.0)		(0.0, 1.5, 0.0)		(-0.2, 1.4, -0.1)	(-0.5, 1.4, -0.1)	(-0.7, 1.4, -0.1)				(0.2, 1.4, -0.1)	(0.5, 1.4, -0.1)	(0.7, 1.4, -0.1)				(-0.1, 0.9, 0.0)	(-0.1, 0.5, 0.0)	(-0.1, 0.1, 0.0)		(0.1, 0.9, 0.0)	(0.1, 0.5, 0.0)	(0.1, 0.1, 0.0)		(-0.1, 1.4, 0.0)	(0.1, 1.4, 0.0)	        \
16:40:45 11/17/2018    	00:00:01.2235680	770	(0.0, 1.0, 0.0)	(0.0, 1.1, 0.0)		(0.0, 1.5, 0.0)		(-0.2, 1.4, -0.1)	(-0.5, 1.4, -0.1)	(-0.7, 1.4, -0.1)				(0.2, 1.4, -0.1)	(0.5, 1.4, -0.1)	(0.7, 1.4, -0.1)				(-0.1, 0.9, 0.0)	(-0.1, 0.5, 0.0)	(-0.1, 0.1, 0.0)		(0.1, 0.9, 0.0)	(0.1, 0.5, 0.0)	(0.1, 0.1, 0.0)		(-0.1, 1.4, 0.0)	(0.1, 1.4, 0.0)	        \
16:40:45 11/17/2018    	00:00:01.2565930	791	(0.0, 1.0, 0.0)	(0.0, 1.1, 0.0)		(0.0, 1.5, 0.0)		(-0.2, 1.4, -0.1)	(-0.5, 1.4, -0.1)	(-0.7, 1.4, -0.1)				(0.2, 1.4, -0.1)	(0.5, 1.4, -0.1)	(0.7, 1.4, -0.1)				(-0.1, 0.9, 0.0)	(-0.1, 0.5, 0.0)	(-0.1, 0.1, 0.0)		(0.1, 0.9, 0.0)	(0.1, 0.5, 0.0)	(0.1, 0.1, 0.0)		(-0.1, 1.4, 0.0)	(0.1, 1.4, 0.0)	        \
16:40:45 11/17/2018    	00:00:01.2894360	811	(0.0, 1.0, 0.0)	(0.0, 1.1, 0.0)		(0.0, 1.5, 0.0)		(-0.2, 1.4, -0.1)	(-0.5, 1.4, -0.1)	(-0.7, 1.4, -0.1)				(0.2, 1.4, -0.1)	(0.5, 1.4, -0.1)	(0.7, 1.4, -0.1)				(-0.1, 0.9, 0.0)	(-0.1, 0.5, 0.0)	(-0.1, 0.1, 0.0)		(0.1, 0.9, 0.0)	(0.1, 0.5, 0.0)	(0.1, 0.1, 0.0)		(-0.1, 1.4, 0.0)	(0.1, 1.4, 0.0)	        \
16:40:45 11/17/2018    	00:00:01.3228450	832	(0.0, 1.0, 0.0)	(0.0, 1.1, 0.0)		(0.0, 1.5, 0.0)		(-0.2, 1.4, -0.1)	(-0.5, 1.4, -0.1)	(-0.7, 1.4, -0.1)				(0.2, 1.4, -0.1)	(0.5, 1.4, -0.1)	(0.7, 1.4, -0.1)				(-0.1, 0.9, 0.0)	(-0.1, 0.5, 0.0)	(-0.1, 0.1, 0.0)		(0.1, 0.9, 0.0)	(0.1, 0.5, 0.0)	(0.1, 0.1, 0.0)		(-0.1, 1.4, 0.0)	(0.1, 1.4, 0.0)	        \
16:40:45 11/17/2018    	00:00:01.3552450	853	(0.0, 1.0, 0.0)	(0.0, 1.1, 0.0)		(0.0, 1.5, 0.0)		(-0.2, 1.4, -0.1)	(-0.5, 1.4, -0.1)	(-0.7, 1.4, -0.1)				(0.2, 1.4, -0.1)	(0.5, 1.4, -0.1)	(0.7, 1.4, -0.1)				(-0.1, 0.9, 0.0)	(-0.1, 0.5, 0.0)	(-0.1, 0.1, 0.0)		(0.1, 0.9, 0.0)	(0.1, 0.5, 0.0)	(0.1, 0.1, 0.0)		(-0.1, 1.4, 0.0)	(0.1, 1.4, 0.0)	        \
16:40:45 11/17/2018    	00:00:01.3893200	874	(0.0, 1.0, 0.0)	(0.0, 1.1, 0.0)		(0.0, 1.5, 0.0)		(-0.2, 1.4, -0.1)	(-0.5, 1.4, -0.1)	(-0.7, 1.4, -0.1)				(0.2, 1.4, -0.1)	(0.5, 1.4, -0.1)	(0.7, 1.4, -0.1)				(-0.1, 0.9, 0.0)	(-0.1, 0.5, 0.0)	(-0.1, 0.1, 0.0)		(0.1, 0.9, 0.0)	(0.1, 0.5, 0.0)	(0.1, 0.1, 0.0)		(-0.1, 1.4, 0.0)	(0.1, 1.4, 0.0)	        \
16:40:45 11/17/2018    	00:00:01.4223120	894	(0.0, 1.0, 0.0)	(0.0, 1.1, 0.0)		(0.0, 1.5, 0.0)		(-0.2, 1.4, -0.1)	(-0.5, 1.4, -0.1)	(-0.7, 1.4, -0.1)				(0.2, 1.4, -0.1)	(0.5, 1.4, -0.1)	(0.7, 1.4, -0.1)				(-0.1, 0.9, 0.0)	(-0.1, 0.5, 0.0)	(-0.1, 0.1, 0.0)		(0.1, 0.9, 0.0)	(0.1, 0.5, 0.0)	(0.1, 0.1, 0.0)		(-0.1, 1.4, 0.0)	(0.1, 1.4, 0.0)	        \
16:40:45 11/17/2018    	00:00:01.4554310	915	(0.0, 1.0, 0.0)	(0.0, 1.1, 0.0)		(0.0, 1.5, 0.0)		(-0.2, 1.4, -0.1)	(-0.5, 1.4, -0.1)	(-0.7, 1.4, -0.1)				(0.2, 1.4, -0.1)	(0.5, 1.4, -0.1)	(0.7, 1.4, -0.1)				(-0.1, 0.9, 0.0)	(-0.1, 0.5, 0.0)	(-0.1, 0.1, 0.0)		(0.1, 0.9, 0.0)	(0.1, 0.5, 0.0)	(0.1, 0.1, 0.0)		(-0.1, 1.4, 0.0)	(0.1, 1.4, 0.0)	        \
16:40:45 11/17/2018    	00:00:01.4884090	936	(0.0, 1.0, 0.0)	(0.0, 1.1, 0.0)		(0.0, 1.5, 0.0)		(-0.2, 1.4, -0.1)	(-0.5, 1.4, -0.1)	(-0.7, 1.4, -0.1)				(0.2, 1.4, -0.1)	(0.5, 1.4, -0.1)	(0.7, 1.4, -0.1)				(-0.1, 0.9, 0.0)	(-0.1, 0.5, 0.0)	(-0.1, 0.1, 0.0)		(0.1, 0.9, 0.0)	(0.1, 0.5, 0.0)	(0.1, 0.1, 0.0)		(-0.1, 1.4, 0.0)	(0.1, 1.4, 0.0)	        \
16:40:45 11/17/2018    	00:00:01.5216820	957	(0.0, 1.0, 0.0)	(0.0, 1.1, 0.0)		(0.0, 1.5, 0.0)		(-0.2, 1.4, -0.1)	(-0.5, 1.4, -0.1)	(-0.7, 1.4, -0.1)				(0.2, 1.4, -0.1)	(0.5, 1.4, -0.1)	(0.7, 1.4, -0.1)				(-0.1, 0.9, 0.0)	(-0.1, 0.5, 0.0)	(-0.1, 0.1, 0.0)		(0.1, 0.9, 0.0)	(0.1, 0.5, 0.0)	(0.1, 0.1, 0.0)		(-0.1, 1.4, 0.0)	(0.1, 1.4, 0.0)	        \
16:40:46 11/17/2018    	00:00:01.5548530	978	(0.0, 1.0, 0.0)	(0.0, 1.1, 0.0)		(0.0, 1.5, 0.0)		(-0.2, 1.4, -0.1)	(-0.5, 1.4, -0.1)	(-0.7, 1.4, -0.1)				(0.2, 1.4, -0.1)	(0.5, 1.4, -0.1)	(0.7, 1.4, -0.1)				(-0.1, 0.9, 0.0)	(-0.1, 0.5, 0.0)	(-0.1, 0.1, 0.0)		(0.1, 0.9, 0.0)	(0.1, 0.5, 0.0)	(0.1, 0.1, 0.0)		(-0.1, 1.4, 0.0)	(0.1, 1.4, 0.0)	        \
16:40:46 11/17/2018    	00:00:01.5880900	999	(0.0, 1.0, 0.0)	(0.0, 1.1, 0.0)		(0.0, 1.5, 0.0)		(-0.2, 1.4, -0.1)	(-0.5, 1.4, -0.1)	(-0.7, 1.4, -0.1)				(0.2, 1.4, -0.1)	(0.5, 1.4, -0.1)	(0.7, 1.4, -0.1)				(-0.1, 0.9, 0.0)	(-0.1, 0.5, 0.0)	(-0.1, 0.1, 0.0)		(0.1, 0.9, 0.0)	(0.1, 0.5, 0.0)	(0.1, 0.1, 0.0)		(-0.1, 1.4, 0.0)	(0.1, 1.4, 0.0)	        \
16:40:46 11/17/2018    	00:00:01.6210260	1020	(0.0, 1.0, 0.0)	(0.0, 1.1, 0.0)		(0.0, 1.5, 0.0)		(-0.2, 1.4, -0.1)	(-0.5, 1.4, -0.1)	(-0.7, 1.4, -0.1)				(0.2, 1.4, -0.1)	(0.5, 1.4, -0.1)	(0.7, 1.4, -0.1)				(-0.1, 0.9, 0.0)	(-0.1, 0.5, 0.0)	(-0.1, 0.1, 0.0)		(0.1, 0.9, 0.0)	(0.1, 0.5, 0.0)	(0.1, 0.1, 0.0)		(-0.1, 1.4, 0.0)	(0.1, 1.4, 0.0)	        \
16:40:46 11/17/2018    	00:00:01.6537470	1040	(0.0, 1.0, 0.0)	(0.0, 1.1, 0.0)		(0.0, 1.5, 0.0)		(-0.2, 1.4, -0.1)	(-0.5, 1.4, -0.1)	(-0.7, 1.4, -0.1)				(0.2, 1.4, -0.1)	(0.5, 1.4, -0.1)	(0.7, 1.4, -0.1)				(-0.1, 0.9, 0.0)	(-0.1, 0.5, 0.0)	(-0.1, 0.1, 0.0)		(0.1, 0.9, 0.0)	(0.1, 0.5, 0.0)	(0.1, 0.1, 0.0)		(-0.1, 1.4, 0.0)	(0.1, 1.4, 0.0)	        \
16:40:46 11/17/2018    	00:00:01.6865570	1061	(0.0, 1.0, 0.0)	(0.0, 1.1, 0.0)		(0.0, 1.5, 0.0)		(-0.2, 1.4, -0.1)	(-0.5, 1.4, -0.1)	(-0.7, 1.4, -0.1)				(0.2, 1.4, -0.1)	(0.5, 1.4, -0.1)	(0.7, 1.4, -0.1)				(-0.1, 0.9, 0.0)	(-0.1, 0.5, 0.0)	(-0.1, 0.1, 0.0)		(0.1, 0.9, 0.0)	(0.1, 0.5, 0.0)	(0.1, 0.1, 0.0)		(-0.1, 1.4, 0.0)	(0.1, 1.4, 0.0)	        \
16:40:46 11/17/2018    	00:00:01.7206770	1082	(0.0, 1.0, 0.0)	(0.0, 1.1, 0.0)		(0.0, 1.5, 0.0)		(-0.2, 1.4, -0.1)	(-0.5, 1.4, -0.1)	(-0.7, 1.4, -0.1)				(0.2, 1.4, -0.1)	(0.5, 1.4, -0.1)	(0.7, 1.4, -0.1)				(-0.1, 0.9, 0.0)	(-0.1, 0.5, 0.0)	(-0.1, 0.1, 0.0)		(0.1, 0.9, 0.0)	(0.1, 0.5, 0.0)	(0.1, 0.1, 0.0)		(-0.1, 1.4, 0.0)	(0.1, 1.4, 0.0)	        \
16:40:46 11/17/2018    	00:00:01.7539340	1103	(0.0, 1.0, 0.0)	(0.0, 1.1, 0.0)		(0.0, 1.5, 0.0)		(-0.2, 1.4, -0.1)	(-0.5, 1.4, -0.1)	(-0.7, 1.4, -0.1)				(0.2, 1.4, -0.1)	(0.5, 1.4, -0.1)	(0.7, 1.4, -0.1)				(-0.1, 0.9, 0.0)	(-0.1, 0.5, 0.0)	(-0.1, 0.1, 0.0)		(0.1, 0.9, 0.0)	(0.1, 0.5, 0.0)	(0.1, 0.1, 0.0)		(-0.1, 1.4, 0.0)	(0.1, 1.4, 0.0)	        \
16:40:46 11/17/2018    	00:00:01.7858800	1124	(0.0, 1.0, 0.0)	(0.0, 1.1, 0.0)		(0.0, 1.5, 0.0)		(-0.2, 1.4, -0.1)	(-0.5, 1.4, -0.1)	(-0.7, 1.4, -0.1)				(0.2, 1.4, -0.1)	(0.5, 1.4, -0.1)	(0.7, 1.4, -0.1)				(-0.1, 0.9, 0.0)	(-0.1, 0.5, 0.0)	(-0.1, 0.1, 0.0)		(0.1, 0.9, 0.0)	(0.1, 0.5, 0.0)	(0.1, 0.1, 0.0)		(-0.1, 1.4, 0.0)	(0.1, 1.4, 0.0)	        \
16:40:46 11/17/2018    	00:00:01.8191580	1144	(0.0, 1.0, 0.0)	(0.0, 1.1, 0.0)		(0.0, 1.5, 0.0)		(-0.2, 1.4, -0.1)	(-0.5, 1.4, -0.1)	(-0.7, 1.4, -0.1)				(0.2, 1.4, -0.1)	(0.5, 1.4, -0.1)	(0.7, 1.4, -0.1)				(-0.1, 0.9, 0.0)	(-0.1, 0.5, 0.0)	(-0.1, 0.1, 0.0)		(0.1, 0.9, 0.0)	(0.1, 0.5, 0.0)	(0.1, 0.1, 0.0)		(-0.1, 1.4, 0.0)	(0.1, 1.4, 0.0)	        \
16:40:46 11/17/2018    	00:00:01.8530340	1165	(0.0, 1.0, 0.0)	(0.0, 1.1, 0.0)		(0.0, 1.5, 0.0)		(-0.2, 1.4, -0.1)	(-0.5, 1.4, -0.1)	(-0.7, 1.4, -0.1)				(0.2, 1.4, -0.1)	(0.5, 1.4, -0.1)	(0.7, 1.4, -0.1)				(-0.1, 0.9, 0.0)	(-0.1, 0.5, 0.0)	(-0.1, 0.1, 0.0)		(0.1, 0.9, 0.0)	(0.1, 0.5, 0.0)	(0.1, 0.1, 0.0)		(-0.1, 1.4, 0.0)	(0.1, 1.4, 0.0)	        \
16:40:46 11/17/2018    	00:00:01.8854330	1186	(0.0, 1.0, 0.0)	(0.0, 1.1, 0.0)		(0.0, 1.5, 0.0)		(-0.2, 1.4, -0.1)	(-0.5, 1.4, -0.1)	(-0.7, 1.4, -0.1)				(0.2, 1.4, -0.1)	(0.5, 1.4, -0.1)	(0.7, 1.4, -0.1)				(-0.1, 0.9, 0.0)	(-0.1, 0.5, 0.0)	(-0.1, 0.1, 0.0)		(0.1, 0.9, 0.0)	(0.1, 0.5, 0.0)	(0.1, 0.1, 0.0)		(-0.1, 1.4, 0.0)	(0.1, 1.4, 0.0)	        \
16:40:46 11/17/2018    	00:00:01.9191360	1207	(0.0, 1.0, 0.0)	(0.0, 1.1, 0.0)		(0.0, 1.5, 0.0)		(-0.2, 1.4, -0.1)	(-0.5, 1.4, -0.1)	(-0.7, 1.4, -